Abduqodiri Qurbonzoda,2020-01 1
Abduqodiri Qurbonzoda,2020-06 1
Abduqodiri Qurbonzoda,2021-03 2
Abduqodiri Qurbonzoda,2021-04 2
Abduqodiri Qurbonzoda,2021-09 1
Abduqodiri Qurbonzoda,2022-07 1
Abduqodiri Qurbonzoda,2022-09 1
Abduqodiri Qurbonzoda,2023-06 2
Aleksandra.Arsenteva,2023-11 3
Aleksandra.Arsenteva,2024-03 4
Aleksandra.Arsenteva,2024-04 1
Aleksei.Cherepanov,2021-11 1
Aleksei.Cherepanov,2023-08 1
Alevtina.Gamzikova,2024-03 1
Alevtina.Gamzikova,2024-04 1
Alexander Gorshenev,2020-07 1
Alexander Gorshenev,2020-09 1
Alexander Gorshenev,2020-10 1
Alexander Korepanov,2021-12 1
Alexander Korepanov,2022-07 1
Alexander Korepanov,2022-08 2
Alexander Korepanov,2023-03 3
Alexander Korepanov,2023-05 2
Alexander Korepanov,2023-06 1
Alexander Korepanov,2023-07 10
Alexander Korepanov,2023-08 2
Alexander Korepanov,2023-09 3
Alexander Korepanov,2023-10 2
Alexander Korepanov,2023-11 2
Alexander Korepanov,2023-12 1
Alexander Korepanov,2024-01 3
Alexander Korepanov,2024-02 2
Alexander Likhachev,2021-02 1
Alexander Udalov,2018-09 1
Alexander Udalov,2019-04 1
Alexander Udalov,2019-05 1
Alexander Udalov,2019-06 3
Alexander Udalov,2019-09 3
Alexander Udalov,2019-11 2
Alexander Udalov,2019-12 1
Alexander Udalov,2020-01 5
Alexander Udalov,2020-02 3
Alexander Udalov,2020-03 6
Alexander Udalov,2020-04 10
Alexander Udalov,2020-05 7
Alexander Udalov,2020-06 6
Alexander Udalov,2020-07 12
Alexander Udalov,2020-08 6
Alexander Udalov,2020-09 7
Alexander Udalov,2020-10 8
Alexander Udalov,2020-11 10
Alexander Udalov,2020-12 3
Alexander Udalov,2020-12Vasily 1
Alexander Udalov,2021-01 6
Alexander Udalov,2021-02 20
Alexander Udalov,2021-03 11
Alexander Udalov,2021-04 6
Alexander Udalov,2021-05 6
Alexander Udalov,2021-06 1
Alexander Udalov,2021-07 15
Alexander Udalov,2021-08 8
Alexander Udalov,2021-09 11
Alexander Udalov,2021-10 2
Alexander Udalov,2021-11 7
Alexander Udalov,2021-12 2
Alexander Udalov,2022-01 2
Alexander Udalov,2022-02 6
Alexander Udalov,2022-03 2
Alexander Udalov,2022-04 5
Alexander Udalov,2022-06 2
Alexander Udalov,2022-07 1
Alexander Udalov,2022-08 3
Alexander Udalov,2022-09 4
Alexander Udalov,2022-10 3
Alexander Udalov,2022-11 2
Alexander Udalov,2022-12 1
Alexander Udalov,2023-01 3
Alexander Udalov,2023-02 5
Alexander Udalov,2023-03 11
Alexander Udalov,2023-04 4
Alexander Udalov,2023-05 9
Alexander Udalov,2023-06 13
Alexander Udalov,2023-07 6
Alexander Udalov,2023-08 19
Alexander Udalov,2023-09 5
Alexander Udalov,2023-10 2
Alexander Udalov,2023-11 10
Alexander Udalov,2023-12 2
Alexander Udalov,2024-01 8
Alexander Udalov,2024-02 14
Alexander Udalov,2024-03 14
Alexander Udalov,2024-04 6
Alexander.Likhachev,2023-05  1
Alexander.Likhachev,2023-08  3
Alexander.Likhachev,2023-09  1
Alexander.Likhachev,2023-10  1
Alexander.Likhachev,2023-12  1
Alexander.Likhachev,2024-03  1
Alexey Belkov,2023-12 2
Alexey Merkulov,2023-07 4
Anastasia.Nekrasova,2023-07  1
Anastasia.Nekrasova,2023-08  1
Anastasia.Nekrasova,2023-09  2
Anastasia.Nekrasova,2023-10  8
Anastasia.Nekrasova,2023-11  13
Anastasia.Nekrasova,2023-12  5
Anastasia.Nekrasova,2024-01  6
Anastasia.Nekrasova,2024-02  3
Anastasia.Nekrasova,2024-03  1
Anastasia.Nekrasova,2024-04  3
Anastasia.Shadrina,2021-12  2
Anastasia.Shadrina,2022-02  2
Anastasia.Shadrina,2022-03  2
Anastasiya Shadrina,2020-08 1
Anastasiya Shadrina,2020-09 1
Anastasiya Shadrina,2020-12 1
Anastasiya Shadrina,2021-01 1
Anastasiya Shadrina,2021-02 5
Anastasiya Shadrina,2021-03 3
Anastasiya Shadrina,2021-04 1
Anastasiya Shadrina,2021-06 6
Anastasiya Shadrina,2021-08 2
Anastasiya Shadrina,2021-09 5
Anastasiya Shadrina,2021-10 7
Anastasiya Shadrina,2021-11 10
Anastasiya Shadrina,2021-12 1
Andi Wenger,2021-04 1
Andrei Klunnyi,2021-02 2
Andrei Klunnyi,2021-03 1
Andrei Klunnyi,2023-05 3
Andrey Uskov,2021-09 1
Andrey Zinovyev,2021-04 39
Andrey Zinovyev,2021-05 19
Andrey Zinovyev,2021-06 21
Andrey Zinovyev,2021-07 27
Andrey Zinovyev,2021-08 33
Anna Kozlova,2022-11 9
Anna Kozlova,2023-01 4
Anna Kozlova,2023-02 2
Anna Kozlova,2023-04 6
Anna Kozlova,2023-05 2
Anna Kozlova,2023-06 1
Anna Kozlova,2023-10 1
Anton Bannykh,2020-01 1
Anton Bannykh,2020-04 1
Anton Bannykh,2021-02 1
Anton Bannykh,2021-11 1
Anton Bannykh,2021-12 2
Anton Bannykh,2023-04 1
Anton Lakotka,2024-01 1
Arsen Nagdalian,2020-07 6
Arsen Nagdalian,2020-08 2
Arseniy Terekhov,2022-08 3
Arseniy Terekhov,2023-07 2
Artem Kobzar,2021-10 4
Artem Kobzar,2022-06 1
Artem Kobzar,2023-03 1
Artem Kobzar,2023-04 1
Artem Kobzar,2023-11 1
Artem Kobzar,2023-12 1
Artem Kobzar,2024-01 2
Artem Kobzar,2024-02 3
Artem Kobzar,2024-03 1
Artem Kobzar,2024-04 1
Artem Vasilev,2022-11 1
Artem Vasilev,2023-01 3
Bogdan Mukvich,2022-11 1
Bogdan Mukvich,2023-08 1
Bogdan Mukvich,2024-04 1
Br0mm,2021-02  1
Br0mm,2021-03  1
Brian Norman,2023-05 3
Brian Norman,2023-06 10
Brian Norman,2023-07 10
Brian Norman,2023-08 7
Brian Norman,2023-09 4
Brian Norman,2023-10 10
Brian Norman,2023-11 10
Brian Norman,2023-12 1
Brian Norman,2024-01 15
Brian Norman,2024-02 3
Brian Norman,2024-03 6
Brian Norman,2024-04 5
Denis Zharkov,2018-12 1
Denis Zharkov,2019-03 19
Denis Zharkov,2019-05 2
Denis Zharkov,2019-06 6
Denis Zharkov,2019-08 12
Denis Zharkov,2019-09 13
Denis Zharkov,2019-10 20
Denis Zharkov,2019-11 26
Denis Zharkov,2019-12 27
Denis Zharkov,2020-01 23
Denis Zharkov,2020-02 24
Denis Zharkov,2020-03 58
Denis Zharkov,2020-04 30
Denis Zharkov,2020-05 30
Denis Zharkov,2020-06 41
Denis Zharkov,2020-07 13
Denis Zharkov,2020-08 22
Denis Zharkov,2020-09 29
Denis Zharkov,2020-10 18
Denis Zharkov,2020-11 23
Denis.Zharkov,2020-11  1
Denis.Zharkov,2020-12  4
Denis.Zharkov,2021-01  21
Denis.Zharkov,2021-02  24
Denis.Zharkov,2021-03  7
Denis.Zharkov,2021-04  26
Denis.Zharkov,2021-05  12
Denis.Zharkov,2021-06  16
Denis.Zharkov,2021-07  3
Denis.Zharkov,2021-08  9
Denis.Zharkov,2021-09  19
Denis.Zharkov,2021-10  28
Denis.Zharkov,2021-11  18
Denis.Zharkov,2021-12  10
Denis.Zharkov,2022-01  9
Denis.Zharkov,2022-02  11
Denis.Zharkov,2022-03  11
Denis.Zharkov,2022-04  16
Denis.Zharkov,2022-05  8
Denis.Zharkov,2022-06  8
Denis.Zharkov,2022-07  1
Denis.Zharkov,2022-08  7
Denis.Zharkov,2022-10  9
Denis.Zharkov,2022-11  15
Denis.Zharkov,2022-12  15
Denis.Zharkov,2023-01  9
Denis.Zharkov,2023-02  27
Denis.Zharkov,2023-03  15
Denis.Zharkov,2023-04  13
Denis.Zharkov,2023-05  11
Denis.Zharkov,2023-06  18
Denis.Zharkov,2023-07  7
Denis.Zharkov,2023-08  9
Denis.Zharkov,2023-09  1
Denis.Zharkov,2023-11  1
Denis.Zharkov,2023-12  6
Denis.Zharkov,2024-01  13
Denis.Zharkov,2024-02  5
Denis.Zharkov,2024-03  9
Denis.Zharkov,2024-04  11
Dmitrii Gridin,2022-10 13
Dmitrii Gridin,2022-11 14
Dmitrii Gridin,2023-01 15
Dmitrii Gridin,2023-02 3
Dmitrii Gridin,2023-03 11
Dmitrii Gridin,2023-04 16
Dmitrii Gridin,2023-05 26
Dmitrii Gridin,2023-06 6
Dmitrii Gridin,2023-07 22
Dmitrii Gridin,2023-08 7
Dmitrii Gridin,2023-09 11
Dmitrii Gridin,2023-10 22
Dmitrii Gridin,2023-11 32
Dmitrii Gridin,2023-12 19
Dmitrii Gridin,2024-01 6
Dmitrii Gridin,2024-02 12
Dmitrii Gridin,2024-03 7
Dmitrii Gridin,2024-04 8
Dmitriy Dolovov,2020-07 1
Dmitriy Dolovov,2023-07 1
Dmitriy Dolovov,2023-11 2
Dmitriy Dolovov,2023-12 5
Dmitriy Dolovov,2024-01 1
Dmitriy Dolovov,2024-02 4
Dmitriy Dolovov,2024-04 3
Dmitriy Novozhilov,2019-03 3
Dmitriy Novozhilov,2019-04 7
Dmitriy Novozhilov,2019-05 5
Dmitriy Novozhilov,2019-06 1
Dmitriy Novozhilov,2019-07 19
Dmitriy Novozhilov,2019-08 67
Dmitriy Novozhilov,2019-09 30
Dmitriy Novozhilov,2019-10 44
Dmitriy Novozhilov,2019-11 69
Dmitriy Novozhilov,2019-12 35
Dmitriy Novozhilov,2020-01 36
Dmitriy Novozhilov,2020-02 56
Dmitriy Novozhilov,2020-03 87
Dmitriy Novozhilov,2020-04 66
Dmitriy Novozhilov,2020-05 63
Dmitriy Novozhilov,2020-06 82
Dmitriy Novozhilov,2020-07 28
Dmitriy Novozhilov,2020-08 85
Dmitriy Novozhilov,2020-09 87
Dmitriy Novozhilov,2020-10 22
Dmitriy Novozhilov,2020-11 22
Dmitriy Novozhilov,2020-12 26
Dmitriy Novozhilov,2021-01 17
Dmitriy Novozhilov,2021-02 56
Dmitriy Novozhilov,2021-03 39
Dmitriy Novozhilov,2021-04 61
Dmitriy Novozhilov,2021-05 27
Dmitriy Novozhilov,2021-06 49
Dmitriy Novozhilov,2021-07 45
Dmitriy Novozhilov,2021-08 22
Dmitriy Novozhilov,2021-09 59
Dmitriy Novozhilov,2021-10 34
Dmitriy Novozhilov,2021-11 21
Dmitriy Novozhilov,2021-12 13
Dmitriy Novozhilov,2022-01 28
Dmitriy Novozhilov,2022-02 22
Dmitriy Novozhilov,2022-03 10
Dmitriy Novozhilov,2022-04 9
Dmitriy Novozhilov,2022-05 18
Dmitriy Novozhilov,2022-06 16
Dmitriy Novozhilov,2022-08 10
Dmitriy Novozhilov,2022-09 13
Dmitriy Novozhilov,2022-10 21
Dmitriy Novozhilov,2022-11 24
Dmitriy Novozhilov,2022-12 36
Dmitriy Novozhilov,2023-01 32
Dmitriy Novozhilov,2023-02 45
Dmitriy Novozhilov,2023-03 21
Dmitriy Novozhilov,2023-04 31
Dmitriy Novozhilov,2023-05 8
Dmitriy Novozhilov,2023-06 29
Dmitriy Novozhilov,2023-07 27
Dmitriy Novozhilov,2023-08 62
Dmitriy Novozhilov,2023-09 29
Dmitriy Novozhilov,2023-10 28
Dmitriy Novozhilov,2023-11 52
Dmitriy Novozhilov,2023-12 19
Dmitriy Novozhilov,2024-01 28
Dmitriy Novozhilov,2024-02 33
Dmitriy Novozhilov,2024-03 41
Dmitriy Novozhilov,2024-04 37
Dmitry Gridin,2022-08 1
Dmitry Khalanskiy,2022-07 1
Dmitry Petrov,2019-03 1
Dmitry Petrov,2019-04 4
Dmitry Petrov,2019-06 1
Dmitry Petrov,2019-07 5
Dmitry Petrov,2019-08 2
Dmitry Petrov,2019-09 1
Dmitry Petrov,2019-10 5
Dmitry Petrov,2019-11 2
Dmitry Petrov,2019-12 5
Dmitry Petrov,2020-01 11
Dmitry Petrov,2020-02 6
Dmitry Petrov,2020-03 20
Dmitry Petrov,2020-04 14
Dmitry Petrov,2020-05 5
Dmitry Petrov,2020-06 3
Dmitry Petrov,2020-07 7
Dmitry Petrov,2020-08 1
Dmitry Petrov,2020-09 9
Dmitry Petrov,2020-10 8
Dmitry Petrov,2020-11 15
Dmitry Petrov,2020-12 20
Dmitry Petrov,2021-01 13
Dmitry Petrov,2021-02 11
Dmitry Petrov,2021-03 12
Dmitry Petrov,2021-04 20
Dmitry Petrov,2021-05 8
Dmitry Petrov,2021-06 13
Dmitry Petrov,2021-07 8
Dmitry Petrov,2021-08 15
Dmitry Petrov,2021-09 10
Dmitry Petrov,2021-10 17
Dmitry Petrov,2021-11 19
Dmitry Petrov,2021-12 21
Dmitry Petrov,2022-01 2
Dmitry Petrov,2022-02 2
Dmitry Petrov,2022-03 1
Dmitry Savvinov,2019-03 3
Dmitry Savvinov,2019-04 2
Dmitry Savvinov,2019-05 2
Dmitry Savvinov,2020-10 1
Dmitry Savvinov,2024-01 5
Egor Kulikov,2022-11 3
Egor Kulikov,2022-12 4
Egor Kulikov,2023-02 6
Egor Kulikov,2023-05 2
Egor Kulikov,2023-06 4
Egor Kulikov,2023-07 2
Egor Kulikov,2023-08 2
Egor Kulikov,2023-09 1
Egor Kulikov,2023-11 3
Evgeniy.Zhelenskiy,2021-11  2
Evgeniy.Zhelenskiy,2021-12  11
Evgeniy.Zhelenskiy,2022-01  1
Evgeniy.Zhelenskiy,2022-03  3
Evgeniy.Zhelenskiy,2022-04  2
Evgeniy.Zhelenskiy,2022-05  6
Evgeniy.Zhelenskiy,2022-07  2
Evgeniy.Zhelenskiy,2022-10  20
Evgeniy.Zhelenskiy,2022-11  3
Evgeniy.Zhelenskiy,2022-12  3
Evgeniy.Zhelenskiy,2023-01  1
Evgeniy.Zhelenskiy,2023-02  1
Evgeniy.Zhelenskiy,2023-03  5
Evgeniy.Zhelenskiy,2023-04  4
Evgeniy.Zhelenskiy,2023-05  1
Evgeniy.Zhelenskiy,2023-06  1
Evgeniy.Zhelenskiy,2023-07  2
Evgeniy.Zhelenskiy,2023-10  8
Evgeniy.Zhelenskiy,2023-11  6
Evgeniy.Zhelenskiy,2023-12  2
Evgeniy.Zhelenskiy,2024-01  4
Evgeniy.Zhelenskiy,2024-02  3
Evgeniy.Zhelenskiy,2024-04  5
FenstonSingel,2020-03  1
Georgy Bronnikov,2019-11 2
Georgy Bronnikov,2020-02 1
Georgy Bronnikov,2020-03 1
Georgy Bronnikov,2020-04 11
Georgy Bronnikov,2020-06 3
Georgy Bronnikov,2020-07 1
Georgy Bronnikov,2020-08 5
Georgy Bronnikov,2020-09 4
Georgy Bronnikov,2020-11 5
Georgy Bronnikov,2020-12 3
Georgy Bronnikov,2021-01 2
Georgy Bronnikov,2021-02 4
Georgy Bronnikov,2021-05 1
Georgy Bronnikov,2021-06 3
Georgy Bronnikov,2021-07 2
Georgy Bronnikov,2021-08 2
Georgy Bronnikov,2021-10 2
Georgy Bronnikov,2021-11 3
Georgy Bronnikov,2021-12 18
Georgy Bronnikov,2022-01 7
Georgy Bronnikov,2022-02 8
Georgy Bronnikov,2022-03 7
Georgy Bronnikov,2022-04 4
Georgy Bronnikov,2022-05 3
Him188,2021-03  1
Hyojae Kim,2021-02 1
Iaroslav Postovalov,2020-12 2
Iaroslav Postovalov,2023-08 1
Iaroslav Postovalov,2023-09 1
Icyrockton,2023-05  1
Igor Chevdar,2020-03 1
Igor Chevdar,2020-04 1
Igor Chevdar,2020-06 2
Igor Chevdar,2020-08 1
Igor Chevdar,2020-10 1
Igor Chevdar,2020-11 1
Igor Chevdar,2021-02 1
Igor Chevdar,2021-04 1
Igor Chevdar,2021-09 2
Igor Chevdar,2022-07 4
Igor Chevdar,2022-08 2
Igor Chevdar,2022-12 1
Igor Chevdar,2023-02 1
Igor Chevdar,2023-03 2
Igor Chevdar,2023-09 1
Igor Chevdar,2023-10 1
Igor Chevdar,2023-12 1
Igor Chevdar,2024-04 1
Igor Laevsky,2021-09 2
Igor Yakovlev,2020-10 2
Igor Yakovlev,2020-11 2
Igor Yakovlev,2021-01 5
Igor Yakovlev,2021-03 3
Igor Yakovlev,2021-04 3
Igor Yakovlev,2021-05 8
Igor Yakovlev,2021-06 7
Igor Yakovlev,2021-07 12
Igor Yakovlev,2021-08 5
Igor Yakovlev,2023-01 1
Igor Yakovlev,2023-03 1
Igor Yakovlev,2023-04 1
Igor Yakovlev,2023-09 1
Igor Yakovlev,2024-01 2
Igor Yakovlev,2024-02 1
Igor Yakovlev,2024-04 1
Ilmir Usmanov,2020-04 1
Ilmir Usmanov,2020-05 3
Ilmir Usmanov,2020-06 9
Ilmir Usmanov,2020-07 2
Ilmir Usmanov,2020-08 3
Ilmir Usmanov,2020-09 7
Ilmir Usmanov,2020-10 5
Ilmir Usmanov,2020-11 14
Ilmir Usmanov,2020-12 8
Ilmir Usmanov,2021-01 5
Ilmir Usmanov,2021-02 7
Ilmir Usmanov,2021-03 8
Ilmir Usmanov,2021-04 9
Ilmir Usmanov,2021-05 3
Ilmir Usmanov,2021-07 2
Ilmir Usmanov,2021-08 3
Ilmir Usmanov,2021-09 1
Ilmir Usmanov,2021-10 4
Ilmir Usmanov,2021-11 2
Ilmir Usmanov,2021-12 8
Ilmir Usmanov,2022-01 4
Ilmir Usmanov,2022-02 7
Ilmir Usmanov,2022-03 2
Ilmir Usmanov,2022-04 3
Ilmir Usmanov,2022-05 2
Ilmir Usmanov,2022-06 3
Ilmir Usmanov,2022-07 1
Ilmir Usmanov,2022-09 2
Ilmir Usmanov,2022-10 1
Ilmir Usmanov,2022-11 1
Ilmir Usmanov,2022-12 1
Ilmir Usmanov,2023-01 1
Ilmir Usmanov,2023-02 6
Ilmir Usmanov,2023-04 1
Ilmir Usmanov,2023-05 3
Ilmir Usmanov,2023-06 1
Ilmir Usmanov,2023-09 3
Ilmir Usmanov,2023-10 1
Ilmir Usmanov,2024-01 1
Ilmir Usmanov,2024-03 2
Ilya Chernikov,2019-02 2
Ilya Chernikov,2019-08 1
Ilya Chernikov,2019-11 4
Ilya Chernikov,2019-12 2
Ilya Chernikov,2020-01 2
Ilya Chernikov,2020-02 2
Ilya Chernikov,2020-04 3
Ilya Chernikov,2020-05 1
Ilya Chernikov,2020-06 1
Ilya Chernikov,2020-12 2
Ilya Chernikov,2021-01 1
Ilya Chernikov,2021-02 5
Ilya Chernikov,2021-03 2
Ilya Chernikov,2021-04 5
Ilya Chernikov,2021-05 1
Ilya Chernikov,2021-06 9
Ilya Chernikov,2021-07 5
Ilya Chernikov,2021-08 3
Ilya Chernikov,2021-09 9
Ilya Chernikov,2021-10 7
Ilya Chernikov,2021-11 8
Ilya Chernikov,2021-12 6
Ilya Chernikov,2022-01 2
Ilya Chernikov,2022-02 6
Ilya Chernikov,2022-03 6
Ilya Chernikov,2022-06 1
Ilya Chernikov,2022-07 9
Ilya Chernikov,2022-07
Denis.Zharkov,2022-08 1
Ilya Chernikov,2022-08 8
Ilya Chernikov,2022-10 2
Ilya Chernikov,2022-11 6
Ilya Chernikov,2022-12 4
Ilya Chernikov,2023-01 2
Ilya Chernikov,2023-02 3
Ilya Chernikov,2023-03 6
Ilya Chernikov,2023-04 4
Ilya Chernikov,2023-05 7
Ilya Chernikov,2023-06 8
Ilya Chernikov,2023-07 3
Ilya Chernikov,2023-08 2
Ilya Chernikov,2023-09 2
Ilya Chernikov,2023-10 6
Ilya Chernikov,2023-11 11
Ilya Chernikov,2023-12 5
Ilya Chernikov,2024-01 3
Ilya Chernikov,2024-02 9
Ilya Chernikov,2024-03 9
Ilya Chernikov,2024-04 3
Ilya Goncharov,2020-10 2
Ilya Goncharov,2020-11 3
Ilya Goncharov,2021-01 2
Ilya Goncharov,2021-03 2
Ilya Goncharov,2021-04 1
Ilya Goncharov,2021-05 1
Ilya Goncharov,2021-08 3
Ilya Goncharov,2021-10 1
Ilya Goncharov,2021-12 1
Ilya Goncharov,2022-10 2
Ilya Goncharov,2023-10 2
Ilya Goncharov,2023-11 1
Ilya Goncharov,2024-03 1
Ilya Gorbunov,2019-12 1
Ilya Gorbunov,2020-01 3
Ilya Gorbunov,2020-02 1
Ilya Gorbunov,2020-04 1
Ilya Gorbunov,2020-06 1
Ilya Gorbunov,2021-02 2
Ilya Gorbunov,2021-03
Ilya Gorbunov,2021-04 3
Ilya Gorbunov,2022-05 1
Ilya Gorbunov,2022-06 2
Ilya Gorbunov,2022-08 2
Ilya Gorbunov,2023-04 2
Ilya Gorbunov,2023-11 1
Ilya Gorbunov,2024-02 1
Ilya Gorbunov,2024-03 1
Ilya Kirillov,2020-04 3
Ilya Kirillov,2020-05 2
Ilya Kirillov,2020-06 4
Ilya Kirillov,2020-07 10
Ilya Kirillov,2020-08 7
Ilya Kirillov,2020-09 13
Ilya Kirillov,2020-10 12
Ilya Kirillov,2020-11 1
Ilya Kirillov,2020-12 11
Ilya Kirillov,2021-01 23
Ilya Kirillov,2021-02 14
Ilya Kirillov,2021-03 25
Ilya Kirillov,2021-04 22
Ilya Kirillov,2021-05 4
Ilya Kirillov,2021-06 4
Ilya Kirillov,2021-07 2
Ilya Kirillov,2021-08 1
Ilya Kirillov,2021-09 3
Ilya Kirillov,2021-10 1
Ilya Kirillov,2021-11 6
Ilya Kirillov,2022-01 5
Ilya Kirillov,2022-04 4
Ilya Kirillov,2022-05 4
Ilya Kirillov,2022-06 3
Ilya Kirillov,2022-07 4
Ilya Kirillov,2022-08 9
Ilya Kirillov,2022-09 2
Ilya Kirillov,2022-10 8
Ilya Kirillov,2022-11 6
Ilya Kirillov,2022-12 22
Ilya Kirillov,2023-01 1
Ilya Kirillov,2023-02 6
Ilya Kirillov,2023-03 1
Ilya Kirillov,2023-05 4
Ilya Kirillov,2023-06 7
Ilya Kirillov,2023-07 9
Ilya Kirillov,2023-08 3
Ilya Kirillov,2023-09 8
Ilya Kirillov,2023-10 5
Ilya Kirillov,2024-01 2
Ilya Kirillov,2024-04 1
Ilya Muradyan,2021-07 1
Irene Dea,2021-10 4
Irene Dea,2021-12 3
Ivan Cilcic,2019-05 4
Ivan Cilcic,2019-06 4
Ivan Cilcic,2019-07 49
Ivan Kochurkin,2021-03 2
Ivan Kochurkin,2021-04 15
Ivan Kochurkin,2021-05 13
Ivan Kochurkin,2021-06 31
Ivan Kochurkin,2021-07 21
Ivan Kochurkin,2021-08 26
Ivan Kochurkin,2021-09 29
Ivan Kochurkin,2021-10 30
Ivan Kochurkin,2021-11 15
Ivan Kochurkin,2021-12 11
Ivan Kochurkin,2022-01 9
Ivan Kochurkin,2022-02 7
Ivan Kochurkin,2022-03 7
Ivan Kochurkin,2022-04 13
Ivan Kochurkin,2022-05 6
Ivan Kochurkin,2022-06 24
Ivan Kochurkin,2022-07 3
Ivan Kochurkin,2022-08 1
Ivan Kochurkin,2022-09 3
Ivan Kochurkin,2022-10 8
Ivan Kochurkin,2022-11 8
Ivan Kochurkin,2022-12 4
Ivan Kochurkin,2023-01 15
Ivan Kochurkin,2023-02 14
Ivan Kochurkin,2023-03 8
Ivan Kochurkin,2023-04 6
Ivan Kochurkin,2023-05 2
Ivan Kochurkin,2023-06 2
Ivan Kochurkin,2023-07 17
Ivan Kochurkin,2023-08 12
Ivan Kochurkin,2023-09 13
Ivan Kochurkin,2023-10 9
Ivan Kochurkin,2023-11 8
Ivan Kochurkin,2023-12 4
Ivan Kochurkin,2024-01 5
Ivan Kochurkin,2024-02 6
Ivan Kochurkin,2024-03 9
Ivan Kochurkin,2024-04 23
Ivan Kylchik,2019-03 1
Ivan Kylchik,2019-04 5
Ivan Kylchik,2020-06 14
Ivan Kylchik,2020-07 14
Ivan Kylchik,2020-10 1
Ivan Kylchik,2021-02 1
Ivan Kylchik,2021-03 2
Ivan Kylchik,2021-04 2
Ivan Kylchik,2021-05 4
Ivan Kylchik,2021-06 1
Ivan Kylchik,2021-08 5
Ivan Kylchik,2021-09 1
Ivan Kylchik,2021-10 2
Ivan Kylchik,2021-11 5
Ivan Kylchik,2021-12 5
Ivan Kylchik,2022-02 1
Ivan Kylchik,2022-07 1
Ivan Kylchik,2022-08 3
Ivan Kylchik,2022-10 3
Ivan Kylchik,2022-11 2
Ivan Kylchik,2022-12 5
Ivan Kylchik,2023-01 2
Ivan Kylchik,2023-02 7
Ivan Kylchik,2023-03 16
Ivan Kylchik,2023-04 23
Ivan Kylchik,2023-05 9
Ivan Kylchik,2023-06 8
Ivan Kylchik,2023-07 15
Ivan Kylchik,2023-08 4
Ivan Kylchik,2023-09 6
Ivan Kylchik,2023-10 3
Ivan Kylchik,2023-11 7
Ivan Kylchik,2023-12 18
Ivan Kylchik,2024-01 3
Ivan Kylchik,2024-02 2
Ivan Kylchik,2024-03 7
Ivan Kylchik,2024-04 15
Iven Krall,2022-03 1
Iven Krall,2022-06 2
Iven Krall,2022-07 2
Jaebaek Seo,2023-01 1
Jaebaek Seo,2024-01 1
Jaebaek Seo,2024-02 1
Jaebaek Seo,2024-03 3
Jerome Prinet,2022-04 2
Jinseong Jeon,2020-03 7
Jinseong Jeon,2020-04 19
Jinseong Jeon,2020-05 19
Jinseong Jeon,2020-06 23
Jinseong Jeon,2020-07 27
Jinseong Jeon,2020-08 16
Jinseong Jeon,2020-09 25
Jinseong Jeon,2020-10 29
Jinseong Jeon,2020-11 24
Jinseong Jeon,2020-12 29
Jinseong Jeon,2021-01 33
Jinseong Jeon,2021-02 33
Jinseong Jeon,2021-03 34
Jinseong Jeon,2021-04 18
Jinseong Jeon,2021-05 6
Jinseong Jeon,2021-06 9
Jinseong Jeon,2021-07 1
Jinseong Jeon,2021-09 5
Jinseong Jeon,2021-10 2
Jinseong Jeon,2022-01 1
Jinseong Jeon,2022-02 3
Jinseong Jeon,2022-03 1
Jinseong Jeon,2022-06 2
Jinseong Jeon,2022-08 2
Jinseong Jeon,2022-10 1
Jinseong Jeon,2023-04 2
Jinseong Jeon,2023-06 1
Jinseong Jeon,2024-03 1
Johan Bay,2023-05 1
Johan Bay,2023-09 1
Johan Bay,2024-01 1
Juan Chen,2019-12 2
Juan Chen,2020-01 6
Juan Chen,2020-02 5
Juan Chen,2020-03 1
Juan Chen,2020-04 4
Juan Chen,2020-05 2
Juan Chen,2020-06 2
Juan Chen,2020-10 4
Julia,2021-04  2
Justin Paupore,2023-01 1
Justin Paupore,2023-05 1
Kevin Bierhoff,2020-03 1
Kevin Bourrillion,2022-12 1
Kevin Most,2020-05 1
Kirill Rakhman,2023-01 15
Kirill Rakhman,2023-02 18
Kirill Rakhman,2023-03 35
Kirill Rakhman,2023-04 29
Kirill Rakhman,2023-05 30
Kirill Rakhman,2023-06 31
Kirill Rakhman,2023-07 29
Kirill Rakhman,2023-08 48
Kirill Rakhman,2023-09 54
Kirill Rakhman,2023-10 8
Kirill Rakhman,2023-11 29
Kirill Rakhman,2023-12 37
Kirill Rakhman,2024-01 29
Kirill Rakhman,2024-02 45
Kirill Rakhman,2024-03 54
Kirill Rakhman,2024-04 44
Krasnoriadtseva Anastasiia,2020-05 1
Kristoffer Andersen,2020-02 1
Kristoffer Andersen,2022-01 1
Kristoffer Andersen,2022-03 2
Kristoffer Andersen,2022-09 1
Leonid Startsev,2021-07 3
Leonid Startsev,2021-09 2
Leonid Startsev,2021-11 1
Leonid Startsev,2022-01 1
Leonid Startsev,2022-06 1
Leonid Startsev,2022-07 2
Leonid Startsev,2022-08 2
Leonid Startsev,2022-09 1
Leonid Startsev,2023-02 2
Leonid Startsev,2023-04 1
Leonid Startsev,2023-07 2
LepilkinaElena,2020-10  1
LepilkinaElena,2020-11  1
LepilkinaElena,2020-12  1
Likholetov Mikhail,2020-04 1
Mads Ager,2019-10 1
Mads Ager,2020-01 2
Mads Ager,2020-09 4
Mads Ager,2020-10 2
Mads Ager,2020-11 3
Mads Ager,2020-12 1
Mads Ager,2021-01 3
Mads Ager,2021-02 2
Mads Ager,2021-03 6
Mads Ager,2021-04 1
Mads Ager,2021-05 6
Mads Ager,2021-06 2
Mads Ager,2021-07 3
Mads Ager,2021-08 3
Mads Ager,2021-09 1
Mads Ager,2021-10 5
Mads Ager,2021-11 8
Mads Ager,2022-02 1
Mads Ager,2022-04 2
Mads Ager,2022-08 1
Mads Ager,2023-03 9
Mads Ager,2023-05 2
Mads Ager,2023-06 1
Mads Ager,2023-12 1
Mads Ager,2024-02 1
Marco Pennekamp,2022-11 3
Marco Pennekamp,2022-12 4
Marco Pennekamp,2023-01 2
Marco Pennekamp,2023-02 9
Marco Pennekamp,2023-03 11
Marco Pennekamp,2023-04 1
Marco Pennekamp,2023-05 1
Marco Pennekamp,2023-08 2
Marco Pennekamp,2023-09 2
Marco Pennekamp,2023-10 6
Marco Pennekamp,2023-11 4
Marco Pennekamp,2023-12 3
Marco Pennekamp,2024-01 1
Marco Pennekamp,2024-02 3
Mark Punzalan,2019-11 2
Mark Punzalan,2019-12 5
Mark Punzalan,2020-01 1
Mark Punzalan,2020-02 1
Mark Punzalan,2020-03 2
Mark Punzalan,2020-04 3
Mark Punzalan,2020-05 3
Mark Punzalan,2020-08 1
Mark Punzalan,2020-09 10
Mark Punzalan,2020-10 4
Mark Punzalan,2021-02 5
Mark Punzalan,2021-03 7
Mark Punzalan,2021-04 9
Mark Punzalan,2021-05 7
Mark Punzalan,2021-06 1
Mark Punzalan,2021-08 4
Mark Punzalan,2021-09 6
Mark Punzalan,2021-10 3
Mark Punzalan,2022-01 2
Mark Punzalan,2022-02 1
Mathias Quintero,2020-03 1
Michael Knudson,2023-05 1
Michael Kuzmin,2019-12 1
Mikhael Bogdanov,2019-01 1
Mikhael Bogdanov,2019-04 1
Mikhael Bogdanov,2019-06 1
Mikhael Bogdanov,2019-10 1
Mikhael Bogdanov,2019-11 1
Mikhael Bogdanov,2020-01 3
Mikhael Bogdanov,2020-02 7
Mikhael Bogdanov,2020-05 1
Mikhael Bogdanov,2020-08 1
Mikhael Bogdanov,2020-09 3
Mikhael Bogdanov,2020-10 7
Mikhael Bogdanov,2020-12 2
Mikhael Bogdanov,2021-01 6
Mikhael Bogdanov,2021-01 1
Mikhael Bogdanov,2021-02 6
Mikhael Bogdanov,2021-03 3
Mikhael Bogdanov,2021-04 1
Mikhael Bogdanov,2021-05 4
Mikhael Bogdanov,2021-06 3
Mikhael Bogdanov,2021-07 2
Mikhael Bogdanov,2021-08 2
Mikhael Bogdanov,2021-09 2
Mikhael Bogdanov,2021-10 2
Mikhael Bogdanov,2021-11 1
Mikhael Bogdanov,2021-12 6
Mikhael Bogdanov,2022-01 1
Mikhael Bogdanov,2022-03 1
Mikhael Bogdanov,2022-06 2
Mikhael Bogdanov,2022-07 1
Mikhael Bogdanov,2022-11 1
Mikhail Bogdanov,2020-03 4
Mikhail Bogdanov,2020-04 1
Mikhail Bogdanov,2020-05 1
Mikhail Bogdanov,2020-06 3
Mikhail Glukhikh,2018-03 31
Mikhail Glukhikh,2018-04 23
Mikhail Glukhikh,2019-01 13
Mikhail Glukhikh,2019-01 1
Mikhail Glukhikh,2019-02 18
Mikhail Glukhikh,2019-02 1
Mikhail Glukhikh,2019-03 43
Mikhail Glukhikh,2019-04 51
Mikhail Glukhikh,2019-05 39
Mikhail Glukhikh,2019-06 24
Mikhail Glukhikh,2019-07 21
Mikhail Glukhikh,2019-08 32
Mikhail Glukhikh,2019-09 15
Mikhail Glukhikh,2019-10 55
Mikhail Glukhikh,2019-11 58
Mikhail Glukhikh,2019-12 75
Mikhail Glukhikh,2020-01 54
Mikhail Glukhikh,2020-02 90
Mikhail Glukhikh,2020-03 81
Mikhail Glukhikh,2020-04 64
Mikhail Glukhikh,2020-05 42
Mikhail Glukhikh,2020-06 56
Mikhail Glukhikh,2020-06 1
Mikhail Glukhikh,2020-07 47
Mikhail Glukhikh,2020-08 39
Mikhail Glukhikh,2020-09 45
Mikhail Glukhikh,2020-10 49
Mikhail Glukhikh,2020-11 67
Mikhail Glukhikh,2020-12 43
Mikhail Glukhikh,2021-01 27
Mikhail Glukhikh,2021-02 39
Mikhail Glukhikh,2021-03 62
Mikhail Glukhikh,2021-04 49
Mikhail Glukhikh,2021-05 45
Mikhail Glukhikh,2021-06 11
Mikhail Glukhikh,2021-07 26
Mikhail Glukhikh,2021-08 29
Mikhail Glukhikh,2021-09 14
Mikhail Glukhikh,2021-10 35
Mikhail Glukhikh,2021-11 23
Mikhail Glukhikh,2021-12 46
Mikhail Glukhikh,2022-01 21
Mikhail Glukhikh,2022-01 1
Mikhail Glukhikh,2022-02 18
Mikhail Glukhikh,2022-03 22
Mikhail Glukhikh,2022-04 11
Mikhail Glukhikh,2022-05 2
Mikhail Glukhikh,2022-06 24
Mikhail Glukhikh,2022-07 56
Mikhail Glukhikh,2022-08 13
Mikhail Glukhikh,2022-09 24
Mikhail Glukhikh,2022-10 20
Mikhail Glukhikh,2022-11 34
Mikhail Glukhikh,2022-12 30
Mikhail Glukhikh,2022-12 1
Mikhail Glukhikh,2023-01 35
Mikhail Glukhikh,2023-02 15
Mikhail Glukhikh,2023-03 23
Mikhail Glukhikh,2023-04 23
Mikhail Glukhikh,2023-05 21
Mikhail Glukhikh,2023-06 24
Mikhail Glukhikh,2023-07 20
Mikhail Glukhikh,2023-08 15
Mikhail Glukhikh,2023-09 30
Mikhail Glukhikh,2023-10 45
Mikhail Glukhikh,2023-11 37
Mikhail Glukhikh,2023-12 24
Mikhail Glukhikh,2024-01 34
Mikhail Glukhikh,2024-02 23
Mikhail Glukhikh,2024-03 41
Mikhail Glukhikh,2024-04 46
Mikhail Likholetov,2020-05 1
Mikhail Zarechenskiy,2019-03 1
Mikhail Zarechenskiy,2019-04 13
Mikhail Zarechenskiy,2019-05 12
Mikhail Zarechenskiy,2019-06 14
Mikhail Zarechenskiy,2019-07 1
Mikhail Zarechenskiy,2019-07 1
Mikhail Zarechenskiy,2019-08 7
Mikhail Zarechenskiy,2019-09 2
Mikhail Zarechenskiy,2019-10 2
Mikhail Zarechenskiy,2019-11 9
Mikhail Zarechenskiy,2019-12 3
Mikhail Zarechenskiy,2020-01 9
Mikhail Zarechenskiy,2020-02 5
Mikhail Zarechenskiy,2020-03 4
Mikhail Zarechenskiy,2020-04 10
Mikhail Zarechenskiy,2020-05 2
Mikhail Zarechenskiy,2020-05 1
Mikhail Zarechenskiy,2020-06 28
Mikhail Zarechenskiy,2020-07 14
Mikhail Zarechenskiy,2020-08 11
Mikhail Zarechenskiy,2020-10 1
Mikhail Zarechenskiy,2020-12 1
Mikhail Zarechenskiy,2021-01 1
Mikhail Zarechenskiy,2021-06 1
Mikhail Zarechenskiy,2022-06 1
Mikhail Zarechenskiy,2022-12 1
Mikhail Zarechenskiy,2023-01 5
Mikhail Zarechenskiy,2023-02 1
Mikhail Zarechenskiy,2023-03 1
Mikhail Zarechenskiy,2023-04 1
Mikhail Zarechenskiy,2023-05 1
Mikhail Zarechenskiy,2023-06 1
Nick,2020-03  2
Nick,2020-04  2
Nick,2020-07  16
Nick,2020-07
Victor Petukhov,2020-09 1
Nick,2020-08  17
Nicola Corti,2021-02 1
Nikita Bobko,2022-07 4
Nikita Bobko,2023-02 2
Nikita Bobko,2023-03 2
Nikita Bobko,2023-04 3
Nikita Bobko,2023-05 7
Nikita Bobko,2023-06 3
Nikita Bobko,2023-07 3
Nikita Bobko,2023-08 10
Nikita Bobko,2023-09 14
Nikita Bobko,2023-10 19
Nikita Bobko,2023-11 13
Nikita Bobko,2023-12 10
Nikita Bobko,2024-01 3
Nikita Bobko,2024-01
Artem 1
Nikita Bobko,2024-02 7
Nikita Bobko,2024-03 6
Nikita Bobko,2024-04 3
Nikita Klimenko,2024-02 1
Nikita Nazarov,2022-06 2
Nikita Nazarov,2022-09 1
Nikita Nazarov,2023-09 1
Nikita Nazarov,2023-11 1
Nikita Nazarov,2023-12 4
Nikolay Krasko,2019-06 1
Nikolay Krasko,2019-07 2
Nikolay Krasko,2019-09 1
Nikolay Krasko,2019-10 2
Nikolay Krasko,2020-01 2
Nikolay Krasko,2020-03 1
Nikolay Krasko,2021-03 2
Nikolay Krasko,2021-04 1
Nikolay Krasko,2021-06 1
Nikolay Krasko,2021-07 1
Nikolay Krasko,2022-07 1
Nikolay Krasko,2022-11 1
Nikolay Krasko,2023-05 1
Nikolay Krasko,2023-12
Kirill 1
Nikolay Krasko,2024-03 2
Nikolay Lunyak,2021-07 6
Nikolay Lunyak,2021-08 24
Nikolay Lunyak,2021-09 18
Nikolay Lunyak,2021-10 3
Nikolay Lunyak,2021-11 2
Nikolay Lunyak,2021-12 4
Nikolay Lunyak,2022-01 6
Nikolay Lunyak,2022-02 1
Nikolay Lunyak,2022-03 5
Nikolay Lunyak,2022-04 2
Nikolay Lunyak,2022-04
Pavel 1
Nikolay Lunyak,2022-05 2
Nikolay Lunyak,2022-06 1
Nikolay Lunyak,2022-09 9
Nikolay Lunyak,2022-09
Yan 1
Nikolay Lunyak,2022-10 6
Nikolay Lunyak,2022-11 4
Nikolay Lunyak,2023-01 39
Nikolay Lunyak,2023-02 5
Nikolay Lunyak,2023-03 23
Nikolay Lunyak,2023-04 16
Nikolay Lunyak,2023-05 21
Nikolay Lunyak,2023-06 19
Nikolay Lunyak,2023-07 19
Nikolay Lunyak,2023-08 34
Nikolay Lunyak,2023-08
Kirill 1
Nikolay Lunyak,2023-09 18
Nikolay Lunyak,2023-10 27
Nikolay Lunyak,2023-11 14
Nikolay Lunyak,2024-01 35
Nikolay Lunyak,2024-02 47
Nikolay Lunyak,2024-03 26
Nikolay Lunyak,2024-04 10
Oleg Ivanov,2020-07 7
Oleg Ivanov,2020-08 3
Pavel Kirpichenkov,2019-09 4
Pavel Kirpichenkov,2019-10 3
Pavel Kirpichenkov,2019-11 4
Pavel Kirpichenkov,2019-12 9
Pavel Kirpichenkov,2020-01 11
Pavel Kirpichenkov,2020-02 13
Pavel Kirpichenkov,2020-03 6
Pavel Kirpichenkov,2020-04 4
Pavel Kirpichenkov,2020-05 1
Pavel Kirpichenkov,2020-07 2
Pavel Kirpichenkov,2020-08 1
Pavel Kirpichenkov,2020-08
Dmitry 1
Pavel Kirpichenkov,2020-09 7
Pavel Kirpichenkov,2020-10 4
Pavel Kirpichenkov,2020-11 1
Pavel Kirpichenkov,2022-01 2
Pavel Kirpichenkov,2023-04 1
Pavel Kirpichenkov,2023-07 1
Pavel Kirpichenkov,2023-10 1
Pavel Kirpichenkov,2023-11 1
Pavel Kirpichenkov,2024-01 1
Pavel Kunyavskiy,2021-09 2
Pavel Kunyavskiy,2022-03 1
Pavel Kunyavskiy,2022-06 2
Pavel Kunyavskiy,2022-07 2
Pavel Kunyavskiy,2022-08 3
Pavel Kunyavskiy,2022-11 1
Pavel Kunyavskiy,2022-12 1
Pavel Kunyavskiy,2023-01 2
Pavel Kunyavskiy,2023-03 4
Pavel Kunyavskiy,2023-04 3
Pavel Kunyavskiy,2023-06 2
Pavel Kunyavskiy,2023-07 3
Pavel Kunyavskiy,2023-08 3
Pavel Kunyavskiy,2023-09 3
Pavel Kunyavskiy,2023-10 2
Pavel Kunyavskiy,2023-11 5
Pavel Kunyavskiy,2023-12 2
Pavel Kunyavskiy,2024-01 11
Pavel Kunyavskiy,2024-02 8
Pavel Kunyavskiy,2024-03 4
Pavel Mikhailovskii,2022-05 1
Pavel Mikhailovskii,2022-06 6
Pavel Mikhailovskii,2022-07 3
Pavel Mikhailovskii,2022-08 3
Pavel Mikhailovskii,2022-09 8
Pavel Mikhailovskii,2022-10 4
Pavel Mikhailovskii,2022-11 3
Pavel Mikhailovskii,2022-12 15
Pavel Mikhailovskii,2023-01 2
Pavel Mikhailovskii,2023-02 3
Pavel Mikhailovskii,2023-03 3
Pavel Mikhailovskii,2023-04 1
Pavel Mikhailovskii,2023-06 2
Pavel Mikhailovskii,2023-07 2
Pavel Mikhailovskii,2024-04 1
Rafal Galczak,2024-03 1
Rafal Galczak,2024-04 1
Rick Clephas,2022-08 2
Rick Clephas,2022-09 1
Roman Artemev,2019-10 2
Roman Artemev,2020-01 3
Roman Artemev,2020-02 1
Roman Artemev,2020-03 5
Roman Artemev,2020-07 1
Roman Artemev,2020-08 1
Roman Artemev,2020-09 4
Roman Artemev,2020-10 3
Roman Artemev,2020-11 2
Roman Artemev,2021-02 1
Roman Artemev,2021-03 4
Roman Artemev,2021-05 4
Roman Artemev,2021-06 1
Roman Artemev,2021-08 1
Roman Artemev,2021-09 3
Roman Artemev,2021-10 6
Roman Artemev,2021-11 1
Roman Efremov,2023-01 1
Roman Efremov,2023-04 5
Roman Efremov,2023-05 2
Roman Efremov,2023-06 8
Roman Efremov,2023-07 6
Roman Efremov,2023-08 14
Roman Efremov,2023-09 20
Roman Efremov,2023-10 25
Roman Efremov,2023-11 8
Roman Efremov,2023-12 2
Roman Efremov,2024-01 7
Roman Efremov,2024-02 4
Roman Efremov,2024-03 2
Roman Efremov,2024-04 1
Roman Golyshev,2020-06 1
Roman Golyshev,2020-07 4
Roman Golyshev,2020-08 2
Roman Golyshev,2020-09 3
Roman Golyshev,2020-12 2
Roman Golyshev,2021-01 1
Roman Golyshev,2021-02 1
Roman Golyshev,2021-03 1
Roman Golyshev,2021-04 1
Roman Golyshev,2021-06 1
Roman Golyshev,2021-08 1
Roman Golyshev,2021-09 6
Roman Golyshev,2021-10 3
Roman Golyshev,2021-11 4
Roman Golyshev,2021-12 1
Roman Golyshev,2022-01 3
Roman Golyshev,2022-02 5
Roman Golyshev,2022-04 2
Roman Golyshev,2022-05 3
Roman Golyshev,2022-06 3
Roman Golyshev,2022-07 1
Roman Golyshev,2022-08 2
Roman Golyshev,2023-01 1
Roman Golyshev,2023-02 1
Roman Golyshev,2023-05 1
Roman Golyshev,2023-06 1
Roman Golyshev,2023-07 1
Roman Golyshev,2023-10 1
Roman Golyshev,2023-11 3
Roman Golyshev,2024-01 3
Roman Golyshev,2024-03 1
Roman Golyshev,2024-04 1
Sebastian Sellmair,2023-04 2
Sebastian Sellmair,2024-03 1
Sergej Jaskiewicz,2021-10 2
Sergej Jaskiewicz,2021-12 1
Sergej Jaskiewicz,2022-05 1
Sergej Jaskiewicz,2022-10 1
Sergej Jaskiewicz,2022-11 2
Sergej Jaskiewicz,2022-12 3
Sergej Jaskiewicz,2023-01 3
Sergej Jaskiewicz,2023-03 6
Sergej Jaskiewicz,2023-04 4
Sergej Jaskiewicz,2023-05 4
Sergej Jaskiewicz,2023-06 17
Sergej Jaskiewicz,2023-08 2
Sergej Jaskiewicz,2023-09 28
Sergej Jaskiewicz,2023-10 10
Sergej Jaskiewicz,2023-11 22
Sergej Jaskiewicz,2023-12 14
Sergej Jaskiewicz,2024-01 9
Sergej Jaskiewicz,2024-02 4
Sergej Jaskiewicz,2024-03 12
Sergej Jaskiewicz,2024-04 10
Sergey Bogolepov,2023-04 1
Sergey Bogolepov,2023-05 1
Sergey Rostov,2019-01 1
Sergey.Shanshin,2022-10  1
Sergey.Shanshin,2024-01  2
Shagen Ogandzhanian,2020-12 2
Shagen Ogandzhanian,2021-03 1
Simon Ogorodnik,2018-03 20
Simon Ogorodnik,2018-03 1
Simon Ogorodnik,2018-04 6
Simon Ogorodnik,2018-11 2
Simon Ogorodnik,2019-01 3
Simon Ogorodnik,2019-02 8
Simon Ogorodnik,2019-02 1
Simon Ogorodnik,2019-03 41
Simon Ogorodnik,2019-04 113
Simon Ogorodnik,2019-04 1
Simon Ogorodnik,2019-05 23
Simon Ogorodnik,2019-06 18
Simon Ogorodnik,2019-08 11
Simon Ogorodnik,2019-09 4
Simon Ogorodnik,2019-10 1
Simon Ogorodnik,2019-11 11
Simon Ogorodnik,2019-12 18
simon.ogorodnik,2020-05 1
Simon Ogorodnik,2020-07 4
Simon Ogorodnik,2020-08 8
Simon Ogorodnik,2020-09 3
Simon Ogorodnik,2020-10 2
Simon Ogorodnik,2021-01 2
Simon Ogorodnik,2021-02 1
Simon Ogorodnik,2021-03 2
Simon Ogorodnik,2021-05 1
Simon Ogorodnik,2021-06 1
Simon Ogorodnik,2021-07 10
Simon Ogorodnik,2021-10 1
Simon Ogorodnik,2021-11 25
Simon Ogorodnik,2021-12 2
Simon Ogorodnik,2022-01 1
Simon Ogorodnik,2022-02 9
Simon Ogorodnik,2022-06 2
Simon Ogorodnik,2022-08 5
Simon Ogorodnik,2022-09 1
Simon Ogorodnik,2022-10 1
Simon Ogorodnik,2022-11 1
Simon Ogorodnik,2023-01 5
Simon Ogorodnik,2023-02 7
Simon Ogorodnik,2023-03 1
Simon Ogorodnik,2023-04 3
Simon Ogorodnik,2023-05 4
Simon Ogorodnik,2023-07 1
Simon Ogorodnik,2023-08 3
Simon Ogorodnik,2023-09 1
Simon Ogorodnik,2023-10 1
Simon Ogorodnik,2023-11 2
Simon Ogorodnik,2023-12 9
Simon Ogorodnik,2024-01 2
Sonya Valchuk,2024-02 1
Sonya Valchuk,2024-03 12
Sonya Valchuk,2024-04 3
Stanislav Erokhin,2021-01 1
Stanislav Erokhin,2021-05 1
Stanislav Erokhin,2022-07 1
Stanislav Ruban,2023-01 4
Stanislav Ruban,2023-03 1
Stanislav Ruban,2023-05 1
Stanislav Ruban,2023-07 3
Stanislav Ruban,2023-08 1
Stanislav Ruban,2023-11 8
Stanislav Ruban,2023-12 1
Stanislav Ruban,2024-01 3
Stanislav Ruban,2024-02 2
Stanislav Ruban,2024-03 13
Steven Schäfer,2019-10 3
Steven Schäfer,2019-11 1
Steven Schäfer,2020-01 1
Steven Schäfer,2020-03 2
Steven Schäfer,2020-04 4
Steven Schäfer,2020-05 1
Steven Schäfer,2020-06 2
Steven Schäfer,2020-08 6
Steven Schäfer,2020-09 2
Steven Schäfer,2020-10 5
Steven Schäfer,2020-11 3
Steven Schäfer,2021-01 5
Steven Schäfer,2021-03 1
Steven Schäfer,2021-04 4
Steven Schäfer,2021-05 5
Steven Schäfer,2021-08 1
Steven Schäfer,2021-11 1
Steven Schäfer,2021-12 1
Steven Schäfer,2022-03 1
Steven Schäfer,2022-05 2
Steven Schäfer,2022-06 3
Steven Schäfer,2022-07 3
Steven Schäfer,2022-08 1
Steven Schäfer,2022-09 1
Steven Schäfer,2022-10 2
Steven Schäfer,2022-11 3
Svyatoslav Kuzmich,2020-04 1
Svyatoslav Kuzmich,2020-05 1
Svyatoslav Kuzmich,2020-11 1
Svyatoslav Kuzmich,2021-01 3
Svyatoslav Kuzmich,2021-02 1
Svyatoslav Kuzmich,2021-09 1
Svyatoslav Kuzmich,2023-06 1
Svyatoslav Kuzmich,2023-08 1
Svyatoslav Kuzmich,2023-10 8
Svyatoslav Kuzmich,2023-11 14
Svyatoslav Kuzmich,2023-12 1
Svyatoslav Scherbina,2022-02 1
Svyatoslav Scherbina,2022-03 1
Svyatoslav Scherbina,2022-12 1
Svyatoslav Scherbina,2023-01 2
Svyatoslav Scherbina,2023-02 2
Svyatoslav Scherbina,2023-07 1
Tianyu Geng,2021-02 6
Tianyu Geng,2021-03 18
Tianyu Geng,2021-04 16
Tianyu Geng,2021-05 17
Tianyu Geng,2021-06 18
Tianyu Geng,2021-07 14
Tianyu Geng,2021-08 18
Tianyu Geng,2021-09 27
Tianyu Geng,2021-10 14
Tianyu Geng,2021-11 5
Tianyu Geng,2021-12 3
Timofey Solonin,2023-07 2
Ting-Yuan Huang,2019-05 1
Ting-Yuan Huang,2021-03 1
Ting-Yuan Huang,2023-02 1
Tomas Husak,2023-11 1
Tomas Husak,2023-12 1
Tomas Husak,2024-02 1
Tomas Husak,2024-03 1
Tomas Husak,2024-04 1
Vasily Levchenko,2023-06 1
Victor Petukhov,2019-03 1
Victor Petukhov,2019-11 1
Victor Petukhov,2019-12 4
Victor Petukhov,2020-01 2
Victor Petukhov,2020-02 4
Victor Petukhov,2020-03 6
Victor Petukhov,2020-04 1
Victor Petukhov,2020-05 7
Victor Petukhov,2020-06 5
Victor Petukhov,2020-07 7
Victor Petukhov,2020-08 2
Victor Petukhov,2020-09 14
Victor Petukhov,2020-10 5
Victor Petukhov,2020-11 4
Victor Petukhov,2020-12 5
Victor Petukhov,2021-01 6
Victor Petukhov,2021-02 7
Victor Petukhov,2021-03 11
Victor Petukhov,2021-04 12
Victor Petukhov,2021-05 8
Victor Petukhov,2021-06 15
Victor Petukhov,2021-07 13
Victor Petukhov,2021-08 6
Victor Petukhov,2021-09 13
Victor Petukhov,2021-10 19
Victor Petukhov,2021-11 7
Victor Petukhov,2021-12 3
Victor Petukhov,2022-01 7
Victor Petukhov,2022-02 13
Victor Petukhov,2022-03 3
Victor Petukhov,2022-04 15
Victor Petukhov,2022-05 18
Victor Petukhov,2022-06 7
Victor Petukhov,2022-07 7
Vladimir Dolzhenko,2020-09 1
Vladimir Sukharev,2022-07 1
Vladimir Sukharev,2022-09 1
Vladimir Sukharev,2023-01 4
Vladimir Sukharev,2023-02 1
Vladimir Sukharev,2023-03 4
Vladimir Sukharev,2023-04 1
Vladimir Sukharev,2023-05 5
Vladimir Sukharev,2023-06 7
Vladimir Sukharev,2023-07 3
Vladimir Sukharev,2023-08 1
Vladimir Sukharev,2023-09 14
Vladimir Sukharev,2023-10 10
Vladimir Sukharev,2023-10
cristiangarcia,2023-12 1
Vladimir Sukharev,2023-11 5
Vladimir Sukharev,2023-12 1
Vladimir Sukharev,2024-01 18
Vladimir Sukharev,2024-02 3
Vladimir Sukharev,2024-03 7
Vladimir Sukharev,2024-04 3
Vladislav Grechko,2022-11 1
Vladislav Grechko,2022-12 1
Vsevolod Tolstopyatov,2022-07 7
Vsevolod Tolstopyatov,2022-08 3
Vsevolod Tolstopyatov,2023-01 1
Vyacheslav Gerasimov,2018-11 1
Vyacheslav Gerasimov,2018-12 1
Vyacheslav Gerasimov,2019-04 1
Vyacheslav Gerasimov,2019-06 1
Vyacheslav Gerasimov,2020-06 1
Vyacheslav Gerasimov,2020-07 1
Vyacheslav Gerasimov,2020-11 1
Vyacheslav Gerasimov,2021-07 1
Vyacheslav Gerasimov,2021-11 1
Vyacheslav Gerasimov,2021-12 3
Vyacheslav Gerasimov,2022-03 1
Wojciech Litewka,2024-02 12
Wojciech Litewka,2024-03 4
Wojciech Litewka,2024-04 3
XYZboom,2024-02  1
Xin Wang,2021-06 1
Xin Wang,2021-11 1
Xin Wang,2021-12 1
Xin Wang,2022-01 3
Xin Wang,2022-02 1
Xin Wang,2022-03 2
Xin Wang,2022-05 1
Xin Wang,2022-08 1
Xin Wang,2022-10 1
Xin Wang,2022-11 1
Xin Wang,2023-05 1
Xin Wang,2023-08 1
Xin Wang,2023-11 1
Xin Wang,2023-12 1
Yahor Berdnikau,2022-05 1
Yahor Berdnikau,2024-02 1
Yan Zhulanow,2019-11 2
Yan Zhulanow,2021-03 1
Yan Zhulanow,2021-10 1
Yan Zhulanow,2022-09 1
Yan Zhulanow,2022-10 5
Yan Zhulanow,2022-11 2
Yan Zhulanow,2022-12 3
Yan Zhulanow,2023-01 4
Yan Zhulanow,2023-02 1
Yan Zhulanow,2023-06 16
Yan Zhulanow,2023-07 4
Yan Zhulanow,2023-08 4
Yan Zhulanow,2023-09 3
Yan Zhulanow,2023-11 2
Yan Zhulanow,2024-01 1
Yunir Salimzyanov,2020-06 1
Zalim Bashorov,2020-01 1
Zalim Bashorov,2020-03 2
Zalim Bashorov,2023-03 1
Zalim Bashorov,2023-07 1
Zalim Bashorov,2023-08 1
aleksandrina-streltsova,2022-12  1
aleksandrina-streltsova,2023-01  1
aleksandrina-streltsova,2023-02  3
aleksandrina-streltsova,2023-03  1
aleksandrina-streltsova,2023-06  2
aleksandrina-streltsova,2023-07  1
aleksandrina-streltsova,2023-11  1
aleksandrina-streltsova,2024-03  1
anastasiia.spaseeva,2020-02  4
anastasiia.spaseeva,2020-03  1
anzhela.sukhanova,2024-01  3
anzhela.sukhanova,2024-02  4
anzhela.sukhanova,2024-03  1
ebukreev,2021-04  1
eugenpolytechnic,2021-01  2
eugenpolytechnic,2021-02  2
marat.akhin,2023-07  3
marat.akhin,2023-09  1
marat.akhin,2023-10  1
marat.akhin,2023-11  2
mcpiroman,2021-10  1
mcpiroman,2022-12  1
nikita.movshin,2019-04  3
pyos,2019-11  2
pyos,2019-12  2
pyos,2020-01  1
pyos,2020-02  3
pyos,2020-03  2
pyos,2020-04  1
pyos,2020-05  2
pyos,2020-08  3
pyos,2020-09  11
pyos,2020-10  10
pyos,2020-11  5
pyos,2020-12  3
pyos,2021-01  3
pyos,2021-02  9
pyos,2021-03  7
pyos,2021-04  9
pyos,2021-05  12
pyos,2021-05  1
pyos,2021-06  13
pyos,2021-07  9
pyos,2021-08  28
pyos,2021-09  22
pyos,2021-10  2
pyos,2021-11  1
pyos,2022-04  3
pyos,2022-05  4
pyos,2022-06  10
pyos,2022-08  3
pyos,2022-09  9
pyos,2022-10  22
pyos,2022-11  69
pyos,2022-12  40
pyos,2023-01  14
pyos,2023-02  1
rapturemain,2020-03  8
rapturemain,2020-04  5
sebastian.sellmair,2020-11  1
simon.ogorodnik,2019-12  6
simon.ogorodnik,2020-01  9
simon.ogorodnik,2020-02  8
simon.ogorodnik,2020-03  15
simon.ogorodnik,2020-04  32
simon.ogorodnik,2020-05  5
simon.ogorodnik,2020-06  9
simon.ogorodnik,2020-07  1
simon.ogorodnik,2022-03  1
strangepleasures,2023-07  1
strangepleasures,2023-09  2
strangepleasures,2024-01  1
victor.petukhov,2018-10  1
victor.petukhov,2019-04  1
victor.petukhov,2019-05  1
victor.petukhov,2019-07  1
victor.petukhov,2019-11  1
victor.petukhov,2019-12  2
victor.petukhov,2020-01  1
vladislav.grechko,2022-10  7
vladislav.grechko,2022-11  4
vladislav.grechko,2023-02  2
vladislav.grechko,2023-03  3
vladislav.grechko,2023-06  5
vladislav.grechko,2023-07  1
vladislav.grechko,2023-08  2
vladislav.grechko,2023-12  4
vladislav.grechko,2024-01  5
vladislav.grechko,2024-02  4
vladislav.grechko,2024-04  5
vladislavf7@gmail.com,2020-07  13
vldf,2020-07  6
vldf,2020-08  24
vldf,2021-03  1
vldf,2021-04  1
wrongwrong,2022-02  1
wrongwrong,2023-02  1
yantimirov-timur,2021-01  1
yantimirov-timur,2021-03  1
zadorotskas,2021-03  1
zhelenskiy,2021-11  1
Артём,2021-03  1
Лихолетов Михаил,2020-09 1
